{
  "tempo_bpm": 69.83740198385564,
  "tempo_raw_bpm": 139.6748310810811,
  "beat_times_s": [
    0.0,
    0.9752380847930908,
    1.8575962781906128,
    2.739954710006714,
    3.6107029914855957,
    4.423401355743408,
    5.236099720001221,
    6.048798084259033,
    6.9079365730285645,
    7.732245445251465,
    8.510113716125488,
    9.35764217376709,
    10.205169677734375,
    11.087528228759766,
    11.993106842041016,
    12.852245330810547,
    13.722992897033691
  ],
  "beat_times_raw_s": [
    0.3947392404079437,
    1.369977355003357,
    2.252335548400879,
    3.1346938610076904,
    4.005442142486572,
    4.818140506744385,
    5.630838871002197,
    6.44353723526001,
    7.302675724029541,
    8.126984596252441,
    8.904852867126465,
    9.752381324768066,
    10.599908828735352,
    11.482267379760742,
    12.387845993041992,
    13.246984481811523,
    14.117732048034668
  ],
  "beat_offset_s": 0.3947392404079437,
  "beat_source": "mix",
  "transcription_source": "mix",
  "demucs_enabled": false,
  "demucs_error": null
}